pickup,delivery,distance,equipment,weight,date,predicted_rate
Lexington,Fort Wayne,360,Dry Van,32000,2025-12-01,883.0647
Lexington,Fort Wayne,360,Dry Van,32000,2025-12-02,883.0647
Lexington,Fort Wayne,360,Dry Van,32000,2025-12-03,884.66943
Lexington,Fort Wayne,360,Dry Van,32000,2025-12-04,883.018
Lexington,Fort Wayne,360,Dry Van,32000,2025-12-05,883.018
Lexington,Fort Wayne,360,Dry Van,32000,2025-12-06,883.018
Lexington,Fort Wayne,360,Dry Van,32000,2025-12-07,883.018
Lexington,Fort Wayne,360,Dry Van,32000,2025-12-08,883.0647
Lexington,Fort Wayne,360,Dry Van,32000,2025-12-09,883.0647
Lexington,Fort Wayne,360,Dry Van,32000,2025-12-10,884.66943
Lexington,Fort Wayne,360,Dry Van,32000,2025-12-11,883.018
Lexington,Fort Wayne,360,Dry Van,32000,2025-12-12,883.018
Lexington,Fort Wayne,360,Dry Van,32000,2025-12-13,883.018
Lexington,Fort Wayne,360,Dry Van,32000,2025-12-14,883.018
Lexington,Fort Wayne,360,Dry Van,32000,2025-12-15,883.0647
Lexington,Fort Wayne,360,Dry Van,32000,2025-12-16,883.0647
Lexington,Fort Wayne,360,Dry Van,32000,2025-12-17,884.66943
Lexington,Fort Wayne,360,Dry Van,32000,2025-12-18,883.018
Lexington,Fort Wayne,360,Dry Van,32000,2025-12-19,883.018
Lexington,Fort Wayne,360,Dry Van,32000,2025-12-20,883.018
Lexington,Fort Wayne,360,Dry Van,32000,2025-12-21,883.018
Lexington,Fort Wayne,360,Dry Van,32000,2025-12-22,883.0647
Lexington,Fort Wayne,360,Dry Van,32000,2025-12-23,883.0647
Lexington,Fort Wayne,360,Dry Van,32000,2025-12-24,884.66943
Lexington,Fort Wayne,360,Dry Van,32000,2025-12-25,883.018
Lexington,Fort Wayne,360,Dry Van,32000,2025-12-26,883.018
Lexington,Fort Wayne,360,Dry Van,32000,2025-12-27,883.018
Lexington,Fort Wayne,360,Dry Van,32000,2025-12-28,883.018
Lexington,Fort Wayne,360,Dry Van,32000,2025-12-29,883.0647
Lexington,Fort Wayne,360,Dry Van,32000,2025-12-30,883.0647
Lexington,Fort Wayne,360,Dry Van,32000,2025-12-31,884.66943
